{"cameraMode":{"drawMode":0,"name":"Shaded","section":"Shading Mode"},"sceneLighting":false,"audioPlay":false,"sceneViewState":{"m_AlwaysRefresh":false,"showFog":true,"showSkybox":false,"showFlares":true,"showImageEffects":true,"showParticleSystems":true,"showVisualEffectGraphs":true,"m_FxEnabled":true},"in2DMode":false,"pivot":{"x":1.021061897277832,"y":-0.43160367012023928,"z":2.7030751705169679},"rotation":{"x":-0.044918812811374667,"y":-0.903132438659668,"z":0.4157085418701172,"w":-0.09731295704841614},"size":2.5259251594543459,"orthographic":false}