{"cameraMode":{"drawMode":0,"name":"Shaded","section":"Shading Mode"},"sceneLighting":false,"audioPlay":false,"sceneViewState":{"m_AlwaysRefresh":false,"showFog":true,"showSkybox":false,"showFlares":true,"showImageEffects":true,"showParticleSystems":true,"showVisualEffectGraphs":true,"m_FxEnabled":true},"in2DMode":false,"pivot":{"x":0.01109740138053894,"y":0.21967995166778565,"z":-0.003942966461181641},"rotation":{"x":-0.01844712905585766,"y":-0.9400461912155151,"z":0.33656442165374758,"w":-0.05166880786418915},"size":0.6081737279891968,"orthographic":true}