{"cameraMode":{"drawMode":0,"name":"Shaded","section":"Shading Mode"},"sceneLighting":false,"audioPlay":false,"sceneViewState":{"m_AlwaysRefresh":false,"showFog":true,"showSkybox":false,"showFlares":true,"showImageEffects":true,"showParticleSystems":true,"showVisualEffectGraphs":true,"m_FxEnabled":true},"in2DMode":false,"pivot":{"x":0.000110626220703125,"y":0.6927034854888916,"z":1.1920928955078126e-7},"rotation":{"x":-0.2833506166934967,"y":0.07957256585359574,"z":-0.023600993677973748,"w":-0.9554144144058228},"size":1.1390610933303834,"orthographic":true}