{"cameraMode":{"drawMode":0,"name":"Shaded","section":"Shading Mode"},"sceneLighting":false,"audioPlay":false,"sceneViewState":{"m_AlwaysRefresh":false,"showFog":true,"showSkybox":false,"showFlares":true,"showImageEffects":true,"showParticleSystems":true,"showVisualEffectGraphs":true,"m_FxEnabled":true},"in2DMode":false,"pivot":{"x":-0.7540000677108765,"y":2.1590001583099367,"z":-7.090000152587891},"rotation":{"x":-0.0024521658197045328,"y":0.9905426502227783,"z":-0.13605408370494843,"w":-0.01782900281250477},"size":0.8660253882408142,"orthographic":false}