{"cameraMode":{"drawMode":0,"name":"Shaded","section":"Shading Mode"},"sceneLighting":false,"audioPlay":false,"sceneViewState":{"m_AlwaysRefresh":false,"showFog":true,"showSkybox":false,"showFlares":true,"showImageEffects":true,"showParticleSystems":true,"showVisualEffectGraphs":true,"m_FxEnabled":true},"in2DMode":false,"pivot":{"x":0.000110626220703125,"y":0.6927034854888916,"z":1.1920928955078126e-7},"rotation":{"x":0.01568823866546154,"y":0.9653563499450684,"z":-0.25351130962371828,"w":0.059733208268880847},"size":1.1390610933303834,"orthographic":false}