{"cameraMode":{"drawMode":0,"name":"Shaded","section":"Shading Mode"},"sceneLighting":false,"audioPlay":false,"sceneViewState":{"m_AlwaysRefresh":false,"showFog":true,"showSkybox":false,"showFlares":true,"showImageEffects":true,"showParticleSystems":true,"showVisualEffectGraphs":true,"m_FxEnabled":true},"in2DMode":false,"pivot":{"x":0.7642725706100464,"y":-0.31527233123779299,"z":2.5080745220184328},"rotation":{"x":-0.044918812811374667,"y":-0.903132438659668,"z":0.4157085418701172,"w":-0.09731295704841614},"size":2.5259251594543459,"orthographic":false}