{"cameraMode":{"drawMode":0,"name":"Shaded","section":"Shading Mode"},"sceneLighting":false,"audioPlay":false,"sceneViewState":{"m_AlwaysRefresh":false,"showFog":true,"showSkybox":false,"showFlares":true,"showImageEffects":true,"showParticleSystems":true,"showVisualEffectGraphs":true,"m_FxEnabled":true},"in2DMode":false,"pivot":{"x":1.9804317951202393,"y":-1.359608769416809,"z":-4.235307693481445},"rotation":{"x":0.06654243171215058,"y":-0.9311590194702148,"z":0.28438934683799746,"w":0.21815946698188783},"size":1.6834588050842286,"orthographic":false}