{"cameraMode":{"drawMode":0,"name":"Shaded","section":"Shading Mode"},"sceneLighting":false,"audioPlay":false,"sceneViewState":{"m_AlwaysRefresh":false,"showFog":true,"showSkybox":false,"showFlares":true,"showImageEffects":true,"showParticleSystems":true,"showVisualEffectGraphs":true,"m_FxEnabled":true},"in2DMode":false,"pivot":{"x":-3.5086121559143068,"y":0.15316005051136018,"z":-11.048741340637207},"rotation":{"x":0.043473225086927417,"y":0.9103829264640808,"z":-0.3993554711341858,"w":0.09895305335521698},"size":0.03568504750728607,"orthographic":false}