{"cameraMode":{"drawMode":0,"name":"Shaded","section":"Shading Mode"},"sceneLighting":true,"audioPlay":false,"sceneViewState":{"m_AlwaysRefresh":false,"showFog":true,"showSkybox":true,"showFlares":true,"showImageEffects":true,"showParticleSystems":true,"showVisualEffectGraphs":true,"m_FxEnabled":true},"in2DMode":false,"pivot":{"x":0.39248400926589968,"y":2.241215467453003,"z":-3.8698458671569826},"rotation":{"x":0.0022939336486160757,"y":0.9978352785110474,"z":-0.0488215833902359,"w":0.043403640389442447},"size":4.923707008361816,"orthographic":false}