{"cameraMode":{"drawMode":0,"name":"Shaded","section":"Shading Mode"},"sceneLighting":false,"audioPlay":false,"sceneViewState":{"m_AlwaysRefresh":false,"showFog":true,"showSkybox":false,"showFlares":true,"showImageEffects":true,"showParticleSystems":true,"showVisualEffectGraphs":true,"m_FxEnabled":true},"in2DMode":false,"pivot":{"x":0.6967528462409973,"y":-0.024394802749156953,"z":-0.8207820653915405},"rotation":{"x":0.02383299358189106,"y":-0.9031386375427246,"z":0.4256232976913452,"w":0.05076608806848526},"size":1.476610541343689,"orthographic":false}