{"cameraMode":{"drawMode":0,"name":"Shaded","section":"Shading Mode"},"sceneLighting":false,"audioPlay":false,"sceneViewState":{"m_AlwaysRefresh":false,"showFog":true,"showSkybox":false,"showFlares":true,"showImageEffects":true,"showParticleSystems":true,"showVisualEffectGraphs":true,"m_FxEnabled":true},"in2DMode":false,"pivot":{"x":0.00013303756713867188,"y":0.8760403394699097,"z":0.038733214139938357},"rotation":{"x":-0.08573151379823685,"y":-0.8104529976844788,"z":0.12277133017778397,"w":-0.5663192272186279},"size":1.7189849615097047,"orthographic":true}