{"cameraMode":{"drawMode":0,"name":"Shaded","section":"Shading Mode"},"sceneLighting":false,"audioPlay":false,"sceneViewState":{"m_AlwaysRefresh":false,"showFog":true,"showSkybox":false,"showFlares":true,"showImageEffects":true,"showParticleSystems":true,"showVisualEffectGraphs":true,"m_FxEnabled":true},"in2DMode":false,"pivot":{"x":0.000110626220703125,"y":0.6927034854888916,"z":1.1920928955078126e-7},"rotation":{"x":-0.012191002257168293,"y":-0.981467068195343,"z":0.17891250550746919,"w":-0.0672420933842659},"size":1.9317128658294678,"orthographic":true}